brief,id,version,brand,concept_score,margin,retrieval_ok,text_free,palette_dist
children_s_toy_store,1,raw,Lumeon,0.3135,0.0963,1,0.83,25.0
children_s_toy_store,1,final,Lumeon,0.3051,0.0835,1,0.798,20.9
children_s_toy_store,2,raw,Puzzlewood,0.3381,0.122,1,0.953,8.5
children_s_toy_store,2,final,Puzzlewood,0.3419,0.1063,1,0.969,2.8
children_s_toy_store,3,raw,WispNest,0.2617,0.0167,0,0.95,10.9
children_s_toy_store,3,final,WispNest,0.264,0.0125,0,0.981,14.2
coffee_shop,1,raw,Haven & Hue,0.2901,0.0251,1,0.906,8.9
coffee_shop,1,final,Haven & Hue,0.281,0.0148,0,0.819,1.5
coffee_shop,2,raw,Pulse & Parch,0.3266,0.0932,0,0.781,10.7
coffee_shop,2,final,Pulse & Parch,0.3181,0.0737,0,0.755,9.6
coffee_shop,3,raw,Hush & Hype,0.3031,0.0723,0,0.802,15.0
coffee_shop,3,final,Hush & Hype,0.3138,0.0727,1,0.793,14.3
fitness_gym,1,raw,VerveCore,0.344,0.1738,1,0.76,24.0
fitness_gym,1,final,VerveCore,0.3377,0.1509,1,0.761,23.9
law_firm,1,raw,Lumenis,0.2766,0.0364,0,0.956,4.5
law_firm,1,final,Lumenis,0.2851,0.0355,0,0.971,3.3
law_firm,2,raw,VerveLaw,0.2685,0.0183,0,0.372,5.2
law_firm,2,final,VerveLaw,0.2668,0.02,0,0.773,3.7
law_firm,3,raw,Vireo,0.2995,0.0419,0,0.875,7.6
law_firm,3,final,Vireo,0.3054,0.0445,1,0.911,10.9
luxury_perfume,1,raw,Velouris,0.2792,0.0855,1,0.58,10.9
luxury_perfume,1,final,Velouris,0.2967,0.085,1,0.533,8.7
luxury_perfume,2,raw,Velvet Nocturne,0.2916,0.0533,0,0.788,11.6
luxury_perfume,2,final,Velvet Nocturne,0.2866,0.0448,0,0.798,9.1
luxury_perfume,3,raw,Eclat Noir,0.3431,0.1413,1,0.6,17.0
luxury_perfume,3,final,Eclat Noir,0.3184,0.0996,1,0.493,13.1
meditation_app,1,raw,Lullabye,0.3032,0.058,1,0.716,5.6
meditation_app,1,final,Lullabye,0.306,0.0566,1,0.722,2.0
meditation_app,2,raw,HushLine,0.3016,0.0442,0,0.784,12.3
meditation_app,2,final,HushLine,0.2947,0.0474,0,0.715,7.6
meditation_app,3,raw,Nocturne,0.2818,0.026,0,0.83,3.4
meditation_app,3,final,Nocturne,0.2892,0.0309,0,0.892,2.4
organic_bakery,1,raw,Hearth & Hug,0.345,0.1075,1,0.949,4.4
organic_bakery,1,final,Hearth & Hug,0.3537,0.1094,1,0.977,1.8
organic_bakery,2,raw,Rooted Loaf,0.3386,0.0791,1,0.942,9.4
organic_bakery,2,final,Rooted Loaf,0.3176,0.0792,1,0.937,2.4
organic_bakery,3,raw,Breadspire,0.3414,0.0826,1,0.845,6.0
organic_bakery,3,final,Breadspire,0.3263,0.0754,1,0.842,4.6
streetwear,1,raw,Riftwave,0.2577,0.1331,1,0.745,22.7
streetwear,1,final,Riftwave,0.2527,0.1132,1,0.545,16.4
streetwear,2,raw,VerveKnot,0.3242,0.0781,1,0.9,15.1
streetwear,2,final,VerveKnot,0.3071,0.0605,1,0.756,9.3
